{"Fid":"fqSlWQk_Qcy5HHP2xCMGQx","Status":3,"RefreshToken":"3_AS3qfwL7td1sA1vql1onOZzVkIcTDMV7zHQEnNQIGRd4sPG8rSY9P76XmtelJUeAOmRYRc-m32PzqEsc9itQl9oX-9njCSI4sH_UN-uCYQ4yfA","AuthToken":"eyJhbGciOiJFUzI1NiIsInR5cCI6IkpXVCJ9.eyJhcHBJZCI6IjE6MzY3MjY5MDA4OTg2OmFuZHJvaWQ6NzliMWNhNTQ5NTQxMTEyNCIsImV4cCI6MTc3MTQ4NDc4NywiZmlkIjoiZnFTbFdRa19RY3k1SEhQMnhDTUdReCIsInByb2plY3ROdW1iZXIiOjM2NzI2OTAwODk4Nn0.AB2LPV8wRgIhAPDOmpd93EFc275xbixfY4m8KoGaqobdrA8oWUiKcdpNAiEAiDX-8W-Cvd-jJ9qMHaYMNR-aF0CXey4Ss21X4dzy9ZE","TokenCreationEpochInSecs":1770879986,"ExpiresInSecs":604800}