<?xml version='1.0' encoding='utf-8' standalone='yes' ?>
<map>
    <string name="gcd">{&quot;net&quot;:3454,&quot;retries&quot;:0}</string>
    <long name="af_rc_max_age" value="86400" />
    <boolean name="ddl_sent" value="true" />
    <string name="sentSuccessfully">true</string>
    <string name="af_remote_config">eyJmZWF0dXJlcyI6e30sInZlciI6ImRlZmF1bHQudjEuMTYzNzE0OTUyOSJ9</string>
    <int name="versionCode" value="35384988" />
    <string name="savedProperties">{&quot;waitForCustomerId&quot;:&quot;true&quot;,&quot;logLevel&quot;:&quot;0&quot;,&quot;AppUserId&quot;:&quot;USERID:bolt:ac914fbd-e900-4aad-bc57-a9d703593d2b&quot;}</string>
    <string name="AF_INSTALLATION">1764869490411-8333096052733009859</string>
    <boolean name="afUninstallToken_queued" value="false" />
    <int name="appsFlyerCount" value="1" />
    <long name="af_rc_timestamp" value="1764869483662" />
    <long name="AppsFlyerTimePassedSincePrevLaunch" value="1764869546338" />
    <boolean name="newGPReferrerSent" value="true" />
    <string name="first_launch">{&quot;net&quot;:1148,&quot;from_fg&quot;:101,&quot;start_with&quot;:&quot;application&quot;,&quot;init_to_fg&quot;:10951,&quot;api_name&quot;:&quot;setCustomerIdAndLogSession&quot;}</string>
    <string name="appsFlyerFirstInstall">2025-12-04_173226+0000</string>
    <string name="attributionId">{&quot;install_time&quot;:&quot;2025-12-04 17:32:28.315&quot;,&quot;af_message&quot;:&quot;organic install&quot;,&quot;af_status&quot;:&quot;Organic&quot;,&quot;is_first_launch&quot;:false}</string>
</map>
