<?xml version='1.0' encoding='utf-8' standalone='yes' ?>
<map>
    <string name="bnc_push_identifier">bnc_no_value</string>
    <string name="bnc_google_play_install_referrer_extras">bnc_no_value</string>
    <string name="bnc_initial_referrer">bnc_no_value</string>
    <boolean name="bnc_is_full_app_conversion" value="false" />
    <string name="bnc_link_click_id">bnc_no_value</string>
    <string name="bnc_external_intent_extra">bnc_no_value</string>
    <string name="bnc_randomized_device_token">1525180072355623040</string>
    <long name="bnc_last_known_update_time" value="1764869638705" />
    <string name="bnc_user_url">https://links.max.com/a/key_live_ld48UUQ9u4b66a5h1gfVTlfmDEeQ3yhT?%24randomized_bundle_token=1525180072401805870</string>
    <string name="bnc_session_params">{&quot;+clicked_branch_link&quot;:false,&quot;+is_first_session&quot;:false}</string>
    <long name="bnc_original_install_time" value="1764868044830" />
    <string name="bnc_branch_key">key_live_ld48UUQ9u4b66a5h1gfVTlfmDEeQ3yhT</string>
    <string name="bnc_session_id">1525180813447291416</string>
    <string name="bnc_app_store_source">bnc_no_value</string>
    <string name="bnc_link_click_identifier">bnc_no_value</string>
    <string name="skip_url_format_key">{&quot;version&quot;:2,&quot;uri_skip_list&quot;:[&quot;^fb\\d+:((?!campaign_ids).)*$&quot;,&quot;^li\\d+:&quot;,&quot;^pdk\\d+:&quot;,&quot;^twitterkit-.*:&quot;,&quot;^com\\.googleusercontent\\.apps\\.\\d+-.*:\\\/oauth&quot;,&quot;^(?i).+:.*[?].*\\b(password|o?auth|o?auth.?token|access|access.?token)\\b&quot;]}</string>
    <boolean name="bnc_tracking_state" value="false" />
    <string name="bnc_anon_id">794507b7-901d-439f-bf59-8077fde31ed0</string>
    <string name="bnc_app_link">bnc_no_value</string>
    <string name="bnc_randomly_generated_uuid">0eedd9f1-3c80-4414-96cd-5c73ad300bd1</string>
    <string name="bnc_referringUrlQueryParameters">bnc_no_value</string>
    <string name="bnc_app_version">6.8.0.75</string>
    <string name="bnc_google_search_install_identifier">bnc_no_value</string>
    <string name="bnc_randomized_bundle_token">1525180072401805870</string>
    <long name="bnc_previous_update_time" value="1764869597388" />
    <string name="bnc_external_intent_uri">bnc_no_value</string>
    <string name="bnc_install_referrer">bnc_no_value</string>
</map>
