<?xml version='1.0' encoding='utf-8' standalone='yes' ?>
<map>
    <int name="feature_flags_refresh_rate_limit" value="-1" />
    <boolean name="geofences_enabled" value="false" />
    <boolean name="push_max_enabled" value="false" />
    <int name="global_req_rate_refill_rate" value="30" />
    <long name="messaging_session_timeout" value="21600" />
    <long name="push_max_redeliver_buffer" value="86400" />
    <boolean name="global_req_rate_limit_enabled" value="true" />
    <string name="blacklisted_events">[&quot;livestream_started&quot;,&quot;standalone_attribute_dummy&quot;,&quot;z_adhoc_rewind&quot;,&quot;email_signnup_submitted&quot;,&quot;livestream_completed&quot;,&quot;wholesale_activation&quot;]</string>
    <boolean name="geofences_enabled_set" value="false" />
    <string name="last_accessed_sdk_version">31.1.0</string>
    <int name="global_req_rate_capacity" value="30" />
    <boolean name="sdk_debugger_enabled" value="false" />
    <long name="config_time" value="1762546006" />
    <int name="geofences_min_time_since_last_request" value="-1" />
    <string name="blacklisted_attributes">[&quot;olympic_livesports_count_sport_golf_&quot;,&quot;z_adhoc_browser_country&quot;,&quot;olympic_livesports_count_sport_mixed_triathlon_mixed&quot;,&quot;subscription_price_plan_most_recent&quot;,&quot;max_current_subscription_state&quot;,&quot;email_subscribe&quot;,&quot;olympic_livesports_count_sport_men_basketball&quot;,&quot;olympic_livesports_count_sport_women_basketball&quot;,&quot;livesports_count &quot;,&quot;wholesale_provider_most_recent&quot;,&quot;first_program_completed_current_sub&quot;,&quot;current_billing_cycle_start_date&quot;,&quot;first_program_types_completed_current_sub&quot;,&quot;olympic_livesports_count_sport_mixed_triathlon&quot;,&quot;single_program_classification_watcher_current_sub&quot;,&quot;add_on_sports_current_billing_cycle_start_date&quot;,&quot;olympic_livesports_count_sport_men_fencing_men&quot;,&quot;olympic_livesports_count_sport_women_basketball_women&quot;,&quot;olympic_livesports_count_sport_men_basketball_men&quot;,&quot;olympic_livesports_count_sport_men_fencing&quot;]</string>
    <boolean name="feature_flags_enabled" value="false" />
    <long name="push_max_redeliver_dedupe_buffer" value="-1" />
    <long name="sdk_debugger_flush_interval_seconds" value="0" />
    <long name="sdk_debugger_max_payload_bytes" value="0" />
    <int name="default_backoff_max_sleep_duration_ms" value="300000" />
    <long name="sdk_debugger_flush_interval_bytes" value="0" />
    <boolean name="content_cards_enabled" value="true" />
    <boolean name="ephemeral_events_enabled" value="false" />
    <string name="blacklisted_purchases">[]</string>
    <int name="geofences_max_num_to_register" value="-1" />
    <int name="geofences_min_time_since_last_report" value="-1" />
    <int name="default_backoff_min_sleep_duration__ms" value="10000" />
    <boolean name="dust_enabled" value="false" />
    <string name="global_req_rate_limit_endpoint_overrides">{&quot;CONTENT_CARD_SYNC&quot;:{&quot;refill&quot;:10,&quot;capacity&quot;:5},&quot;PUSH_REDELIVER&quot;:{&quot;refill&quot;:180,&quot;capacity&quot;:1}}</string>
    <int name="default_backoff_scale_factor" value="3" />
</map>
