<?xml version='1.0' encoding='utf-8' standalone='yes' ?>
<map>
    <long name="first_open_time" value="1764869482325" />
    <string name="gmp_app_id">1:345051420332:android:64bedb0e5075983e023109</string>
    <string name="app_instance_id">a7b29f3f2eaf4ab3613c6f691790a849</string>
    <long name="session_id" value="1764869482" />
    <boolean name="app_backgrounded" value="false" />
    <long name="health_monitor:start" value="1764869482478" />
    <boolean name="use_service" value="true" />
    <boolean name="deferred_analytics_collection" value="false" />
    <string name="previous_os_version">15</string>
    <boolean name="has_been_opened" value="true" />
    <boolean name="allow_remote_dynamite" value="true" />
    <long name="last_pause_time" value="1764869677889" />
    <boolean name="start_new_session" value="false" />
</map>
