<?xml version='1.0' encoding='utf-8' standalone='yes' ?>
<map>
    <set name="device-brand/vivo fire-installations/18.0.0 fire-rc/22.1.1 fire-abt/21.1.1 fire-android/35 kotlin/2.2.20 fire-core/21.0.0 android-installer/com.android.shell fire-core-ktx/21.0.0 fire-fcm/24.1.1 fire-perf/21.0.5 fire-analytics/22.4.0 android-platform/ android-min-sdk/21 fire-sessions/2.1.1 android-target-sdk/35 fire-cls/19.4.3 fire-transport/19.0.0 device-name/V2202 device-model/V2202">
        <string>2025-12-04</string>
    </set>
    <long name="fire-count" value="1" />
    <string name="last-used-date">2025-12-04</string>
    <long name="fire-global" value="1764869482343" />
</map>
