<?xml version='1.0' encoding='utf-8' standalone='yes' ?>
<map>
    <long name="com.google.firebase.perf.NetworkRequestSamplingRate" value="4564524700356195654" />
    <boolean name="com.google.firebase.perf.ExperimentTTID" value="true" />
    <boolean name="com.google.firebase.perf.SdkEnabled" value="true" />
    <long name="com.google.firebase.perf.TraceSamplingRate" value="4591156963665980486" />
    <long name="com.google.firebase.perf.TimeLimitSec" value="600" />
    <string name="com.google.firebase.perf.LogSourceName">FIREPERF</string>
    <boolean name="isEnabled" value="true" />
    <string name="com.google.firebase.perf.SdkDisabledVersions"></string>
    <long name="com.google.firebase.perf.TraceEventCountForeground" value="300" />
    <long name="com.google.firebase.perf.SessionSamplingRate" value="4553560132010940397" />
    <long name="com.google.firebase.perf.TraceEventCountBackground" value="30" />
</map>
