{"Fid":"cIsrmElPQheJIOVy3f15oA","Status":3,"AuthToken":"eyJhbGciOiJFUzI1NiIsInR5cCI6IkpXVCJ9.eyJhcHBJZCI6IjE6MzQ1MDUxNDIwMzMyOmFuZHJvaWQ6NjRiZWRiMGU1MDc1OTgzZTAyMzEwOSIsImV4cCI6MTc2NTQ3NDI4NCwiZmlkIjoiY0lzcm1FbFBRaGVKSU9WeTNmMTVvQSIsInByb2plY3ROdW1iZXIiOjM0NTA1MTQyMDMzMn0.AB2LPV8wRQIgNxE0Op7lN6AC5yyS92MT5s819ANlDHhbuDzaBPxHtI4CIQCNq8ybBzLlSDkWDHTdlPDU53GzEFFHdrWZqRfsJonPlQ","RefreshToken":"3_AS3qfwLktA-1w5ymhtIKsW_yhD4mrT_oI6OJlrDSOJOMXW7w_IDYlI4OO-Cd9jFamG6bRidoB4Uioig883vgA4T9vgxlwrjapGS4RXpCkxawZQ","TokenCreationEpochInSecs":1764869483,"ExpiresInSecs":604800}